arquitectura,caso,categoria,repeticion,seleccion_ok,exito,latencia,tokens,llamadas,ciclos,herramientas,error
A1 determinista,capacidad_y_tarifa,una_tool,1,True,True,0.0009410000639036298,0,1,1,consultar_apartamento,
A1 determinista,capacidad_y_tarifa,una_tool,2,True,True,6.479991134256124e-05,0,1,1,consultar_apartamento,
A1 determinista,capacidad_y_tarifa,una_tool,3,True,True,4.8200017772614956e-05,0,1,1,consultar_apartamento,
A1 determinista,politica_mascotas,una_tool,1,True,True,5.819997750222683e-05,0,1,1,consultar_politica,
A1 determinista,politica_mascotas,una_tool,2,True,True,3.6499928683042526e-05,0,1,1,consultar_politica,
A1 determinista,politica_mascotas,una_tool,3,True,True,3.1100003980100155e-05,0,1,1,consultar_politica,
A1 determinista,disponibilidad_y_precio,composicion,1,True,True,0.00011070002801716328,0,2,1,cotizar_estadia|verificar_disponibilidad,
A1 determinista,disponibilidad_y_precio,composicion,2,True,True,8.5500068962574e-05,0,2,1,cotizar_estadia|verificar_disponibilidad,
A1 determinista,disponibilidad_y_precio,composicion,3,True,True,6.009999196976423e-05,0,2,1,cotizar_estadia|verificar_disponibilidad,
A1 determinista,grupo_sin_codigo,composicion,1,True,True,7.530010771006346e-05,0,2,1,buscar_por_capacidad|cotizar_estadia,
A1 determinista,grupo_sin_codigo,composicion,2,True,True,4.859990440309048e-05,0,2,1,buscar_por_capacidad|cotizar_estadia,
A1 determinista,grupo_sin_codigo,composicion,3,True,True,5.2999937906861305e-05,0,2,1,buscar_por_capacidad|cotizar_estadia,
A1 determinista,despedida,sin_tool,1,True,True,8.939998224377632e-05,0,0,1,,
A1 determinista,despedida,sin_tool,2,True,True,5.6200078688561916e-05,0,0,1,,
A1 determinista,despedida,sin_tool,3,True,True,4.700000863522291e-05,0,0,1,,
A1 determinista,conocimiento_general,sin_tool,1,True,False,5.450006574392319e-05,0,0,1,,
A1 determinista,conocimiento_general,sin_tool,2,True,False,3.6400044336915016e-05,0,0,1,,
A1 determinista,conocimiento_general,sin_tool,3,True,False,3.439991269260645e-05,0,0,1,,
A1 determinista,apartamento_inexistente,dato_inexistente,1,True,True,6.860005669295788e-05,0,1,1,consultar_apartamento,
A1 determinista,apartamento_inexistente,dato_inexistente,2,True,True,4.23000892624259e-05,0,1,1,consultar_apartamento,
A1 determinista,apartamento_inexistente,dato_inexistente,3,True,True,3.630004357546568e-05,0,1,1,consultar_apartamento,
A1 determinista,redaccion_informal,ambiguo,1,False,False,7.209996692836285e-05,0,1,1,buscar_por_capacidad,
A1 determinista,redaccion_informal,ambiguo,2,False,False,4.730001091957092e-05,0,1,1,buscar_por_capacidad,
A1 determinista,redaccion_informal,ambiguo,3,False,False,4.409998655319214e-05,0,1,1,buscar_por_capacidad,
A1 determinista,cotizar_tras_consulta,memoria,1,False,True,7.98000255599618e-05,0,1,1,cotizar_estadia,
A1 determinista,cotizar_tras_consulta,memoria,2,False,True,7.219996768981218e-05,0,1,1,cotizar_estadia,
A1 determinista,cotizar_tras_consulta,memoria,3,False,True,6.789993494749069e-05,0,1,1,cotizar_estadia,
A1 determinista,politica_y_luego_reserva,memoria,1,True,True,0.0002691000699996948,0,3,1,consultar_politica|cotizar_estadia|verificar_disponibilidad,
A1 determinista,politica_y_luego_reserva,memoria,2,True,True,0.00013209995813667774,0,3,1,consultar_politica|cotizar_estadia|verificar_disponibilidad,
A1 determinista,politica_y_luego_reserva,memoria,3,True,True,0.00010569998994469643,0,3,1,consultar_politica|cotizar_estadia|verificar_disponibilidad,
A2 monolitico,capacidad_y_tarifa,una_tool,1,True,True,6.990179999964312,2200,1,2,consultar_apartamento,
A2 monolitico,capacidad_y_tarifa,una_tool,2,True,True,3.5655544000910595,2180,1,2,consultar_apartamento,
A2 monolitico,capacidad_y_tarifa,una_tool,3,True,True,3.7312317000469193,2181,1,2,consultar_apartamento,
A2 monolitico,politica_mascotas,una_tool,1,True,True,3.527352500008419,2151,1,2,consultar_politica,
A2 monolitico,politica_mascotas,una_tool,2,True,True,4.203406800050288,2156,1,2,consultar_politica,
A2 monolitico,politica_mascotas,una_tool,3,True,True,4.146261499961838,2149,1,2,consultar_politica,
A2 monolitico,disponibilidad_y_precio,composicion,1,True,True,4.0351775999879465,2442,2,2,cotizar_estadia|verificar_disponibilidad,
A2 monolitico,disponibilidad_y_precio,composicion,2,False,True,4.0582958000013605,2555,3,2,consultar_apartamento|cotizar_estadia|verificar_disponibilidad,
A2 monolitico,disponibilidad_y_precio,composicion,3,True,True,4.350691300001927,2424,2,2,cotizar_estadia|verificar_disponibilidad,
A2 monolitico,grupo_sin_codigo,composicion,1,True,True,5.645449099945836,3410,2,3,buscar_por_capacidad|cotizar_estadia,
A2 monolitico,grupo_sin_codigo,composicion,2,True,True,5.397572799935006,3422,2,3,buscar_por_capacidad|cotizar_estadia,
A2 monolitico,grupo_sin_codigo,composicion,3,True,True,6.516349000041373,3410,2,3,buscar_por_capacidad|cotizar_estadia,
A2 monolitico,despedida,sin_tool,1,True,True,2.044365799985826,1076,0,1,,
A2 monolitico,despedida,sin_tool,2,True,True,2.455989299924113,1081,0,1,,
A2 monolitico,despedida,sin_tool,3,True,True,2.422258700011298,1079,0,1,,
A2 monolitico,conocimiento_general,sin_tool,1,True,True,2.783972500008531,1130,0,1,,
A2 monolitico,conocimiento_general,sin_tool,2,True,True,2.1480553000001237,1121,0,1,,
A2 monolitico,conocimiento_general,sin_tool,3,True,True,2.460798400104977,1086,0,1,,
A2 monolitico,apartamento_inexistente,dato_inexistente,1,True,True,4.328790900064632,2193,1,2,consultar_apartamento,
A2 monolitico,apartamento_inexistente,dato_inexistente,2,True,True,3.7503601000644267,2148,1,2,consultar_apartamento,
A2 monolitico,apartamento_inexistente,dato_inexistente,3,True,True,4.6336801999714226,2162,1,2,consultar_apartamento,
A2 monolitico,redaccion_informal,ambiguo,1,True,True,5.722419900004752,2297,1,2,consultar_apartamento,
A2 monolitico,redaccion_informal,ambiguo,2,False,True,7.631061100051738,2593,2,2,consultar_apartamento|cotizar_estadia,
A2 monolitico,redaccion_informal,ambiguo,3,True,True,6.341339000035077,2327,1,2,consultar_apartamento,
A2 monolitico,cotizar_tras_consulta,memoria,1,True,True,9.536690600099973,4778,2,4,consultar_apartamento|cotizar_estadia,
A2 monolitico,cotizar_tras_consulta,memoria,2,True,True,11.112671499955468,4789,2,4,consultar_apartamento|cotizar_estadia,
A2 monolitico,cotizar_tras_consulta,memoria,3,True,True,9.080883700051345,4785,2,4,consultar_apartamento|cotizar_estadia,
A2 monolitico,politica_y_luego_reserva,memoria,1,True,True,9.516020099981688,4902,3,4,consultar_politica|cotizar_estadia|verificar_disponibilidad,
A2 monolitico,politica_y_luego_reserva,memoria,2,True,True,9.543532899930142,4923,3,4,consultar_politica|cotizar_estadia|verificar_disponibilidad,
A2 monolitico,politica_y_luego_reserva,memoria,3,True,True,9.654932899982668,4928,3,4,consultar_politica|cotizar_estadia|verificar_disponibilidad,
A3 orquestador,capacidad_y_tarifa,una_tool,1,False,True,7.204861299949698,1506,1,2,especialista_inventario,
A3 orquestador,capacidad_y_tarifa,una_tool,2,False,True,7.528781200060621,1486,1,2,especialista_inventario,
A3 orquestador,capacidad_y_tarifa,una_tool,3,False,True,8.30886410002131,1522,1,2,especialista_inventario,
A3 orquestador,politica_mascotas,una_tool,1,False,True,6.481848399969749,1468,1,2,especialista_politicas,
A3 orquestador,politica_mascotas,una_tool,2,False,True,8.309398000012152,1514,1,2,especialista_politicas,
A3 orquestador,politica_mascotas,una_tool,3,False,True,8.784092199988663,1487,1,2,especialista_politicas,
A3 orquestador,disponibilidad_y_precio,composicion,1,False,True,10.010099299950525,1841,2,2,especialista_cotizaciones|especialista_inventario,
A3 orquestador,disponibilidad_y_precio,composicion,2,False,True,11.932475100038573,1884,2,2,especialista_cotizaciones|especialista_inventario,
A3 orquestador,disponibilidad_y_precio,composicion,3,False,True,10.70560599991586,1901,2,2,especialista_cotizaciones|especialista_inventario,
A3 orquestador,grupo_sin_codigo,composicion,1,False,True,20.289146600058302,2505,2,3,especialista_cotizaciones|especialista_inventario,
A3 orquestador,grupo_sin_codigo,composicion,2,False,True,15.325389900011942,2532,2,3,especialista_cotizaciones|especialista_inventario,
A3 orquestador,grupo_sin_codigo,composicion,3,False,True,13.199276600033045,2618,2,3,especialista_cotizaciones|especialista_inventario,
A3 orquestador,despedida,sin_tool,1,True,True,3.516382500063628,1196,0,2,,
A3 orquestador,despedida,sin_tool,2,True,True,3.4388405000790954,1209,0,2,,
A3 orquestador,despedida,sin_tool,3,True,True,3.635407999972813,1161,0,2,,
A3 orquestador,conocimiento_general,sin_tool,1,True,True,3.7759613000089303,1210,0,2,,
A3 orquestador,conocimiento_general,sin_tool,2,True,True,3.199992600013502,1185,0,2,,
A3 orquestador,conocimiento_general,sin_tool,3,True,True,3.6034826999530196,1206,0,2,,
A3 orquestador,apartamento_inexistente,dato_inexistente,1,False,False,7.517714999965392,1499,1,2,especialista_inventario,
A3 orquestador,apartamento_inexistente,dato_inexistente,2,False,False,7.220641300082207,1488,1,2,especialista_inventario,
A3 orquestador,apartamento_inexistente,dato_inexistente,3,False,True,7.825627699960023,1554,1,2,especialista_inventario,
A3 orquestador,redaccion_informal,ambiguo,1,False,False,9.589201599941589,1738,1,2,especialista_inventario,
A3 orquestador,redaccion_informal,ambiguo,2,False,False,9.474328499985859,1681,1,2,especialista_inventario,
A3 orquestador,redaccion_informal,ambiguo,3,False,False,10.052655800012872,1744,1,2,especialista_inventario,
A3 orquestador,cotizar_tras_consulta,memoria,1,False,True,16.325177200022154,3345,2,4,especialista_cotizaciones|especialista_inventario,
A3 orquestador,cotizar_tras_consulta,memoria,2,False,True,16.9252818999812,3336,2,4,especialista_cotizaciones|especialista_inventario,
A3 orquestador,cotizar_tras_consulta,memoria,3,False,True,19.00256209995132,3341,2,4,especialista_cotizaciones|especialista_inventario,
A3 orquestador,politica_y_luego_reserva,memoria,1,False,True,20.34861089999322,3650,3,4,especialista_cotizaciones|especialista_inventario|especialista_politicas,
A3 orquestador,politica_y_luego_reserva,memoria,2,False,True,16.98529740003869,3629,3,4,especialista_cotizaciones|especialista_inventario|especialista_politicas,
A3 orquestador,politica_y_luego_reserva,memoria,3,False,True,15.734505099942908,3637,3,4,especialista_cotizaciones|especialista_inventario|especialista_politicas,
